{
  "timestamp": "20250628_212101",
  "camera_matrix": [
    [
      617.3483359950611,
      0.0,
      327.6499567149707
    ],
    [
      0.0,
      617.9063142854941,
      234.03405466866258
    ],
    [
      0.0,
      0.0,
      1.0
    ]
  ],
  "dist_coeffs": [
    [
      0.09551968222271623,
      -0.1257999302583632,
      -0.0012376534343500716,
      -0.0008437641426531064,
      -0.09374753565979019
    ]
  ],
  "calibration_error": 0.015891924053938404,
  "checkerboard_size": [
    9,
    6
  ],
  "square_size_mm": 25.0,
  "fx": 617.3483359950611,
  "fy": 617.9063142854941,
  "cx": 327.6499567149707,
  "cy": 234.03405466866258
}